target_sex,dem_sex,metric,r1,r2,t,p,m1,cil_1,ciu_1,m2,cil_2,ciu_2
F,All,auroc,0.0,0.05,0.2655391290587612,0.8037180448696698,0.8499662291294052,0.8463932682785268,0.8535391899802837,0.8488356782358689,0.8409917454588254,0.8566796110129125
F,All,auroc,0.0,0.1,-0.39499540431246316,0.713004224857102,0.8499662291294052,0.8463932682785268,0.8535391899802837,0.8527706829476692,0.8403718994891004,0.865169466406238
F,All,auroc,0.0,0.25,2.594207524725473,0.060415469661304545,0.8499662291294052,0.8463932682785268,0.8535391899802837,0.8423437040430752,0.8395890511059058,0.8450983569802447
F,All,auroc,0.0,0.5,1.8424827075895578,0.1391971087106143,0.8499662291294052,0.8463932682785268,0.8535391899802837,0.8365781363090941,0.8268116137868196,0.8463446588313686
F,All,auroc,0.0,0.75,0.656556050864551,0.547318799810886,0.8499662291294052,0.8463932682785268,0.8535391899802837,0.8452979756785994,0.8320042639427747,0.8585916874144242
F,All,auroc,0.0,1.0,10.63073238787713,0.0004433063342774308,0.8499662291294052,0.8463932682785268,0.8535391899802837,0.791271200055338,0.7826674373736486,0.7998749627370274
F,All,auroc,0.05,0.1,-0.4415849999975103,0.681611110239285,0.8488356782358689,0.8409917454588254,0.8566796110129125,0.8527706829476692,0.8403718994891004,0.865169466406238
F,All,auroc,0.05,0.25,1.278035956122158,0.27036337761531515,0.8488356782358689,0.8409917454588254,0.8566796110129125,0.8423437040430752,0.8395890511059058,0.8450983569802447
F,All,auroc,0.05,0.5,1.6584647465090105,0.17256297179616817,0.8488356782358689,0.8409917454588254,0.8566796110129125,0.8365781363090941,0.8268116137868196,0.8463446588313686
F,All,auroc,0.05,0.75,0.31285858505013575,0.7700210683502475,0.8488356782358689,0.8409917454588254,0.8566796110129125,0.8452979756785994,0.8320042639427747,0.8585916874144242
F,All,auroc,0.05,1.0,6.272955559921597,0.003296450013305365,0.8488356782358689,0.8409917454588254,0.8566796110129125,0.791271200055338,0.7826674373736486,0.7998749627370274
F,All,auroc,0.1,0.25,1.8230467057114002,0.14237235528819478,0.8527706829476692,0.8403718994891004,0.865169466406238,0.8423437040430752,0.8395890511059058,0.8450983569802447
F,All,auroc,0.1,0.5,1.4262826020021135,0.22693813645601485,0.8527706829476692,0.8403718994891004,0.865169466406238,0.8365781363090941,0.8268116137868196,0.8463446588313686
F,All,auroc,0.1,0.75,0.9367349403082985,0.40192816759945,0.8527706829476692,0.8403718994891004,0.865169466406238,0.8452979756785994,0.8320042639427747,0.8585916874144242
F,All,auroc,0.1,1.0,8.371752922370716,0.0011134338561036392,0.8527706829476692,0.8403718994891004,0.865169466406238,0.791271200055338,0.7826674373736486,0.7998749627370274
F,All,auroc,0.25,0.5,0.9308470942367179,0.4046253312919852,0.8423437040430752,0.8395890511059058,0.8450983569802447,0.8365781363090941,0.8268116137868196,0.8463446588313686
F,All,auroc,0.25,0.75,-0.39704405392357384,0.7116085868881458,0.8423437040430752,0.8395890511059058,0.8450983569802447,0.8452979756785994,0.8320042639427747,0.8585916874144242
F,All,auroc,0.25,1.0,10.98310286681086,0.00039050138959345577,0.8423437040430752,0.8395890511059058,0.8450983569802447,0.791271200055338,0.7826674373736486,0.7998749627370274
F,All,auroc,0.5,0.75,-0.745568132698248,0.4973559521709097,0.8365781363090941,0.8268116137868196,0.8463446588313686,0.8452979756785994,0.8320042639427747,0.8585916874144242
F,All,auroc,0.5,1.0,5.412170219158734,0.00564630541088064,0.8365781363090941,0.8268116137868196,0.8463446588313686,0.791271200055338,0.7826674373736486,0.7998749627370274
F,All,auroc,0.75,1.0,12.680684146697251,0.00022273378466948165,0.8452979756785994,0.8320042639427747,0.8585916874144242,0.791271200055338,0.7826674373736486,0.7998749627370274
F,M,auroc,0.0,0.05,-0.5563382529024286,0.6076329486665231,0.8426053374489436,0.8397113113021245,0.8454993635957627,0.8450803821676718,0.8363057368327281,0.8538550275026154
F,M,auroc,0.0,0.1,-0.6078667820566362,0.5760975039031302,0.8426053374489436,0.8397113113021245,0.8454993635957627,0.8471978291643175,0.834240734802069,0.8601549235265661
F,M,auroc,0.0,0.25,1.0607411711343468,0.3486084475580593,0.8426053374489436,0.8397113113021245,0.8454993635957627,0.840343593966115,0.8382048732357202,0.8424823146965098
F,M,auroc,0.0,0.5,1.2071067323006883,0.2938899977066385,0.8426053374489436,0.8397113113021245,0.8454993635957627,0.8356687630049361,0.8277776181664543,0.8435599078434178
F,M,auroc,0.0,0.75,-0.94926913230418,0.3962369900215363,0.8426053374489436,0.8397113113021245,0.8454993635957627,0.8488233701493868,0.8375659878103117,0.8600807524884619
F,M,auroc,0.0,1.0,-1.6420239493072006,0.17592950986332773,0.8426053374489436,0.8397113113021245,0.8454993635957627,0.8500542506114602,0.8444790821643582,0.8556294190585623
F,M,auroc,0.05,0.1,-0.19751814682209867,0.8530532271307657,0.8450803821676718,0.8363057368327281,0.8538550275026154,0.8471978291643175,0.834240734802069,0.8601549235265661
F,M,auroc,0.05,0.25,1.049026380440873,0.35336513186579105,0.8450803821676718,0.8363057368327281,0.8538550275026154,0.840343593966115,0.8382048732357202,0.8424823146965098
F,M,auroc,0.05,0.5,1.676318768262482,0.1689832460745539,0.8450803821676718,0.8363057368327281,0.8538550275026154,0.8356687630049361,0.8277776181664543,0.8435599078434178
F,M,auroc,0.05,0.75,-0.3411925818433709,0.7501277510741284,0.8450803821676718,0.8363057368327281,0.8538550275026154,0.8488233701493868,0.8375659878103117,0.8600807524884619
F,M,auroc,0.05,1.0,-0.6934292977978047,0.5262011489538759,0.8450803821676718,0.8363057368327281,0.8538550275026154,0.8500542506114602,0.8444790821643582,0.8556294190585623
F,M,auroc,0.1,0.25,0.9516099135637391,0.39518176975119057,0.8471978291643175,0.834240734802069,0.8601549235265661,0.840343593966115,0.8382048732357202,0.8424823146965098
F,M,auroc,0.1,0.5,1.1520526645787952,0.31346879981493053,0.8471978291643175,0.834240734802069,0.8601549235265661,0.8356687630049361,0.8277776181664543,0.8435599078434178
F,M,auroc,0.1,0.75,-0.21886331052901073,0.8374702749297019,0.8471978291643175,0.834240734802069,0.8601549235265661,0.8488233701493868,0.8375659878103117,0.8600807524884619
F,M,auroc,0.1,1.0,-0.47404607296399026,0.6601842491539711,0.8471978291643175,0.834240734802069,0.8601549235265661,0.8500542506114602,0.8444790821643582,0.8556294190585623
F,M,auroc,0.25,0.5,1.1912249677575601,0.29941733300483564,0.840343593966115,0.8382048732357202,0.8424823146965098,0.8356687630049361,0.8277776181664543,0.8435599078434178
F,M,auroc,0.25,0.75,-1.1578494607618923,0.311351486672947,0.840343593966115,0.8382048732357202,0.8424823146965098,0.8488233701493868,0.8375659878103117,0.8600807524884619
F,M,auroc,0.25,1.0,-3.192617371865968,0.033133325277136964,0.840343593966115,0.8382048732357202,0.8424823146965098,0.8500542506114602,0.8444790821643582,0.8556294190585623
F,M,auroc,0.5,0.75,-1.2865439850867726,0.26766549888872015,0.8356687630049361,0.8277776181664543,0.8435599078434178,0.8488233701493868,0.8375659878103117,0.8600807524884619
F,M,auroc,0.5,1.0,-3.206086168596225,0.032710572909314284,0.8356687630049361,0.8277776181664543,0.8435599078434178,0.8500542506114602,0.8444790821643582,0.8556294190585623
F,M,auroc,0.75,1.0,-0.174789216498821,0.8697358305470405,0.8488233701493868,0.8375659878103117,0.8600807524884619,0.8500542506114602,0.8444790821643582,0.8556294190585623
F,F,auroc,0.0,0.05,1.6863983657705686,0.16699675079032017,0.8596723789698029,0.8542562463940342,0.8650885115455715,0.8515019268180861,0.8426227836977719,0.8603810699384004
F,F,auroc,0.0,0.1,0.12510462811969816,0.9064762199549945,0.8596723789698029,0.8542562463940342,0.8650885115455715,0.8587287957077183,0.8452685787121504,0.8721890127032862
F,F,auroc,0.0,0.25,3.476326974241515,0.025436775477565916,0.8596723789698029,0.8542562463940342,0.8650885115455715,0.8421399452312801,0.8354495231301443,0.8488303673324159
F,F,auroc,0.0,0.5,2.2036368650181437,0.09227784782743129,0.8596723789698029,0.8542562463940342,0.8650885115455715,0.8378362638315799,0.8237619147911233,0.8519106128720366
F,F,auroc,0.0,0.75,1.5898278599808546,0.1870778842627209,0.8596723789698029,0.8542562463940342,0.8650885115455715,0.8459810663791927,0.8293481510750138,0.8626139816833716
F,F,auroc,0.0,1.0,14.811916706672026,0.00012095484863120123,0.8596723789698029,0.8542562463940342,0.8650885115455715,0.7666810403578553,0.7540852145600571,0.7792768661556536
F,F,auroc,0.05,0.1,-1.081189853949436,0.3404425823097186,0.8515019268180861,0.8426227836977719,0.8603810699384004,0.8587287957077183,0.8452685787121504,0.8721890127032862
F,F,auroc,0.05,0.25,1.4433423698950236,0.2224066145651793,0.8515019268180861,0.8426227836977719,0.8603810699384004,0.8421399452312801,0.8354495231301443,0.8488303673324159
F,F,auroc,0.05,0.5,1.1626205399407976,0.30961877511108216,0.8515019268180861,0.8426227836977719,0.8603810699384004,0.8378362638315799,0.8237619147911233,0.8519106128720366
F,F,auroc,0.05,0.75,0.43133483399093775,0.6884545853455486,0.8515019268180861,0.8426227836977719,0.8603810699384004,0.8459810663791927,0.8293481510750138,0.8626139816833716
F,F,auroc,0.05,1.0,7.899352036333679,0.0013891666731623191,0.8515019268180861,0.8426227836977719,0.8603810699384004,0.7666810403578553,0.7540852145600571,0.7792768661556536
F,F,auroc,0.1,0.25,2.959973246795533,0.04155553881109016,0.8587287957077183,0.8452685787121504,0.8721890127032862,0.8421399452312801,0.8354495231301443,0.8488303673324159
F,F,auroc,0.1,0.5,1.3939863762124132,0.23577081664368385,0.8587287957077183,0.8452685787121504,0.8721890127032862,0.8378362638315799,0.8237619147911233,0.8519106128720366
F,F,auroc,0.1,0.75,1.1872858706010236,0.300803280104884,0.8587287957077183,0.8452685787121504,0.8721890127032862,0.8459810663791927,0.8293481510750138,0.8626139816833716
F,F,auroc,0.1,1.0,8.99795891479884,0.0008445683175314566,0.8587287957077183,0.8452685787121504,0.8721890127032862,0.7666810403578553,0.7540852145600571,0.7792768661556536
F,F,auroc,0.25,0.5,0.3896291581925784,0.7166663985495256,0.8421399452312801,0.8354495231301443,0.8488303673324159,0.8378362638315799,0.8237619147911233,0.8519106128720366
F,F,auroc,0.25,0.75,-0.4718911034008718,0.661594901008737,0.8421399452312801,0.8354495231301443,0.8488303673324159,0.8459810663791927,0.8293481510750138,0.8626139816833716
F,F,auroc,0.25,1.0,11.423263635504945,0.0003350597333190896,0.8421399452312801,0.8354495231301443,0.8488303673324159,0.7666810403578553,0.7540852145600571,0.7792768661556536
F,F,auroc,0.5,0.75,-0.5807047581476884,0.5925848700678273,0.8378362638315799,0.8237619147911233,0.8519106128720366,0.8459810663791927,0.8293481510750138,0.8626139816833716
F,F,auroc,0.5,1.0,5.973349287459892,0.003946381451229582,0.8378362638315799,0.8237619147911233,0.8519106128720366,0.7666810403578553,0.7540852145600571,0.7792768661556536
F,F,auroc,0.75,1.0,25.995215250647544,1.3010833658396102e-05,0.8459810663791927,0.8293481510750138,0.8626139816833716,0.7666810403578553,0.7540852145600571,0.7792768661556536
F,All,fnr,0.0,0.05,-1.6651620224817965,0.17121095198745603,0.18126501200960765,0.1696180098680379,0.1929120141511774,0.20208166533226576,0.18996219623013688,0.21420113443439465
F,All,fnr,0.0,0.1,-1.195512559158505,0.2979155753142811,0.18126501200960765,0.1696180098680379,0.1929120141511774,0.20656525220176136,0.1685808921492894,0.24454961225423333
F,All,fnr,0.0,0.25,-3.2550384929446206,0.031226728813123942,0.18126501200960765,0.1696180098680379,0.1929120141511774,0.2277021617293835,0.19988264685876653,0.25552167660000047
F,All,fnr,0.0,0.5,-3.7022047878881663,0.020795272797577112,0.18126501200960765,0.1696180098680379,0.1929120141511774,0.2145716573258607,0.19936391677898238,0.22977939787273902
F,All,fnr,0.0,0.75,-1.9819923780433177,0.11853109271354537,0.18126501200960765,0.1696180098680379,0.1929120141511774,0.21072858286629303,0.1736804762118248,0.24777668952076126
F,All,fnr,0.0,1.0,-28.925812126172673,8.502693865272496e-06,0.18126501200960765,0.1696180098680379,0.1929120141511774,0.33706965572457964,0.33252160504260486,0.3416177064065544
F,All,fnr,0.05,0.1,-0.17746417266065648,0.8677679886106993,0.20208166533226576,0.18996219623013688,0.21420113443439465,0.20656525220176136,0.1685808921492894,0.24454961225423333
F,All,fnr,0.05,0.25,-1.4137994239790217,0.2303123827843694,0.20208166533226576,0.18996219623013688,0.21420113443439465,0.2277021617293835,0.19988264685876653,0.25552167660000047
F,All,fnr,0.05,0.5,-1.0758364845733053,0.3425635953390543,0.20208166533226576,0.18996219623013688,0.21420113443439465,0.2145716573258607,0.19936391677898238,0.22977939787273902
F,All,fnr,0.05,0.75,-0.3354360800371793,0.754151103622828,0.20208166533226576,0.18996219623013688,0.21420113443439465,0.21072858286629303,0.1736804762118248,0.24777668952076126
F,All,fnr,0.05,1.0,-15.393569674676147,0.00010391380158297485,0.20208166533226576,0.18996219623013688,0.21420113443439465,0.33706965572457964,0.33252160504260486,0.3416177064065544
F,All,fnr,0.1,0.25,-0.6569969955860787,0.5470627915777577,0.20656525220176136,0.1685808921492894,0.24454961225423333,0.2277021617293835,0.19988264685876653,0.25552167660000047
F,All,fnr,0.1,0.5,-0.27870402938427136,0.7942870061049591,0.20656525220176136,0.1685808921492894,0.24454961225423333,0.2145716573258607,0.19936391677898238,0.22977939787273902
F,All,fnr,0.1,0.75,-0.13815234648273672,0.8967956842197278,0.20656525220176136,0.1685808921492894,0.24454961225423333,0.21072858286629303,0.1736804762118248,0.24777668952076126
F,All,fnr,0.1,1.0,-6.392894263320057,0.00307356223162209,0.20656525220176136,0.1685808921492894,0.24454961225423333,0.33706965572457964,0.33252160504260486,0.3416177064065544
F,All,fnr,0.25,0.5,1.4801829869352805,0.21292852527801562,0.2277021617293835,0.19988264685876653,0.25552167660000047,0.2145716573258607,0.19936391677898238,0.22977939787273902
F,All,fnr,0.25,0.75,1.063676034454704,0.34742576450286417,0.2277021617293835,0.19988264685876653,0.25552167660000047,0.21072858286629303,0.1736804762118248,0.24777668952076126
F,All,fnr,0.25,1.0,-7.416250155831622,0.0017641047449394405,0.2277021617293835,0.19988264685876653,0.25552167660000047,0.33706965572457964,0.33252160504260486,0.3416177064065544
F,All,fnr,0.5,0.75,0.21645791404259956,0.8392219916560222,0.2145716573258607,0.19936391677898238,0.22977939787273902,0.21072858286629303,0.1736804762118248,0.24777668952076126
F,All,fnr,0.5,1.0,-14.144855003743338,0.0001450184214869781,0.2145716573258607,0.19936391677898238,0.22977939787273902,0.33706965572457964,0.33252160504260486,0.3416177064065544
F,All,fnr,0.75,1.0,-6.440333520790146,0.002990543205974565,0.21072858286629303,0.1736804762118248,0.24777668952076126,0.33706965572457964,0.33252160504260486,0.3416177064065544
F,M,fnr,0.0,0.05,-0.6935250424460278,0.5261470847197847,0.1829207920792079,0.17044977875979056,0.19539180539862522,0.1908415841584158,0.17669080131008974,0.20499236700674184
F,M,fnr,0.0,0.1,-0.48235345322794637,0.6547621976260409,0.1829207920792079,0.17044977875979056,0.19539180539862522,0.19207920792079203,0.16311348910300053,0.22104492673858353
F,M,fnr,0.0,0.25,-2.1705721008985197,0.09574879873284449,0.1829207920792079,0.17044977875979056,0.19539180539862522,0.20569306930693063,0.18019299478794473,0.23119314382591652
F,M,fnr,0.0,0.5,1.300497907012862,0.2632969089401121,0.1829207920792079,0.17044977875979056,0.19539180539862522,0.17450495049504947,0.16207931396643174,0.1869305870236672
F,M,fnr,0.0,0.75,3.8078545736372127,0.018975081617276707,0.1829207920792079,0.17044977875979056,0.19539180539862522,0.1527227722772277,0.12747126774107945,0.17797427681337594
F,M,fnr,0.0,1.0,1.8950993349969145,0.13097732437866877,0.1829207920792079,0.17044977875979056,0.19539180539862522,0.1574257425742574,0.14599867088192997,0.16885281426658483
F,M,fnr,0.05,0.1,-0.054018553157279,0.95951069540002,0.1908415841584158,0.17669080131008974,0.20499236700674184,0.19207920792079203,0.16311348910300053,0.22104492673858353
F,M,fnr,0.05,0.25,-0.9739695071153485,0.38522245224355994,0.1908415841584158,0.17669080131008974,0.20499236700674184,0.20569306930693063,0.18019299478794473,0.23119314382591652
F,M,fnr,0.05,0.5,1.6937001945529306,0.1655730294366439,0.1908415841584158,0.17669080131008974,0.20499236700674184,0.17450495049504947,0.16207931396643174,0.1869305870236672
F,M,fnr,0.05,0.75,1.9809634272096208,0.11867070892162274,0.1908415841584158,0.17669080131008974,0.20499236700674184,0.1527227722772277,0.12747126774107945,0.17797427681337594
F,M,fnr,0.05,1.0,3.341236165222648,0.028802617076444,0.1908415841584158,0.17669080131008974,0.20499236700674184,0.1574257425742574,0.14599867088192997,0.16885281426658483
F,M,fnr,0.1,0.25,-0.5206900056728745,0.63007655867261,0.19207920792079203,0.16311348910300053,0.22104492673858353,0.20569306930693063,0.18019299478794473,0.23119314382591652
F,M,fnr,0.1,0.5,0.8612548163815604,0.43766436069815745,0.19207920792079203,0.16311348910300053,0.22104492673858353,0.17450495049504947,0.16207931396643174,0.1869305870236672
F,M,fnr,0.1,0.75,1.8753312290030113,0.13400242145938285,0.19207920792079203,0.16311348910300053,0.22104492673858353,0.1527227722772277,0.12747126774107945,0.17797427681337594
F,M,fnr,0.1,1.0,2.066997717471574,0.10759554731651354,0.19207920792079203,0.16311348910300053,0.22104492673858353,0.1574257425742574,0.14599867088192997,0.16885281426658483
F,M,fnr,0.25,0.5,4.017754192885425,0.01589399259957287,0.20569306930693063,0.18019299478794473,0.23119314382591652,0.17450495049504947,0.16207931396643174,0.1869305870236672
F,M,fnr,0.25,0.75,4.2985235629765555,0.012660401816080821,0.20569306930693063,0.18019299478794473,0.23119314382591652,0.1527227722772277,0.12747126774107945,0.17797427681337594
F,M,fnr,0.25,1.0,2.3454006393646276,0.07891095332124777,0.20569306930693063,0.18019299478794473,0.23119314382591652,0.1574257425742574,0.14599867088192997,0.16885281426658483
F,M,fnr,0.5,0.75,1.7507455085594676,0.1548812939886772,0.17450495049504947,0.16207931396643174,0.1869305870236672,0.1527227722772277,0.12747126774107945,0.17797427681337594
F,M,fnr,0.5,1.0,1.3245982525580846,0.25591401575892975,0.17450495049504947,0.16207931396643174,0.1869305870236672,0.1574257425742574,0.14599867088192997,0.16885281426658483
F,M,fnr,0.75,1.0,-0.22963345151931897,0.8296411057275362,0.1527227722772277,0.12747126774107945,0.17797427681337594,0.1574257425742574,0.14599867088192997,0.16885281426658483
F,F,fnr,0.0,0.05,-2.9263511384124006,0.042970008189535606,0.17823129251700676,0.16096793203616125,0.19549465299785226,0.2226757369614512,0.209527632192352,0.23582384173055043
F,F,fnr,0.0,0.1,-2.0894703604876748,0.10489348942368536,0.17823129251700676,0.16096793203616125,0.19549465299785226,0.2331065759637188,0.1781055440283792,0.2881076078990584
F,F,fnr,0.0,0.25,-3.9827668424885876,0.01636330241747007,0.17823129251700676,0.16096793203616125,0.19549465299785226,0.26802721088435366,0.23244121173000248,0.30361321003870484
F,F,fnr,0.0,0.5,-5.339678957852322,0.005926566568482138,0.17823129251700676,0.16096793203616125,0.19549465299785226,0.2879818594104308,0.25945472754901666,0.31650899127184495
F,F,fnr,0.0,0.75,-4.691894172913802,0.009364562792595158,0.17823129251700676,0.16096793203616125,0.19549465299785226,0.3170068027210884,0.2572946758372452,0.3767189296049316
F,F,fnr,0.0,1.0,-33.072485913759586,4.9847282153262935e-06,0.17823129251700676,0.16096793203616125,0.19549465299785226,0.6662131519274377,0.636111984500683,0.6963143193541924
F,F,fnr,0.05,0.1,-0.3456985848654821,0.7469850837700995,0.2226757369614512,0.209527632192352,0.23582384173055043,0.2331065759637188,0.1781055440283792,0.2881076078990584
F,F,fnr,0.05,0.25,-1.7238817250844798,0.15982239470772452,0.2226757369614512,0.209527632192352,0.23582384173055043,0.26802721088435366,0.23244121173000248,0.30361321003870484
F,F,fnr,0.05,0.5,-2.94030668079211,0.04237618629166346,0.2226757369614512,0.209527632192352,0.23582384173055043,0.2879818594104308,0.25945472754901666,0.31650899127184495
F,F,fnr,0.05,0.75,-2.3526491666740417,0.07828849876250145,0.2226757369614512,0.209527632192352,0.23582384173055043,0.3170068027210884,0.2572946758372452,0.3767189296049316
F,F,fnr,0.05,1.0,-19.884785960406898,3.7738137860620655e-05,0.2226757369614512,0.209527632192352,0.23582384173055043,0.6662131519274377,0.636111984500683,0.6963143193541924
F,F,fnr,0.1,0.25,-0.7785526648237125,0.4797288476160949,0.2331065759637188,0.1781055440283792,0.2881076078990584,0.26802721088435366,0.23244121173000248,0.30361321003870484
F,F,fnr,0.1,0.5,-1.1857332806653929,0.3013511980057833,0.2331065759637188,0.1781055440283792,0.2881076078990584,0.2879818594104308,0.25945472754901666,0.31650899127184495
F,F,fnr,0.1,0.75,-1.7801633300013455,0.1496557909912899,0.2331065759637188,0.1781055440283792,0.2881076078990584,0.3170068027210884,0.2572946758372452,0.3767189296049316
F,F,fnr,0.1,1.0,-12.968913429316808,0.00020394632877280443,0.2331065759637188,0.1781055440283792,0.2881076078990584,0.6662131519274377,0.636111984500683,0.6963143193541924
F,F,fnr,0.25,0.5,-1.3460630821936763,0.2495086522497327,0.26802721088435366,0.23244121173000248,0.30361321003870484,0.2879818594104308,0.25945472754901666,0.31650899127184495
F,F,fnr,0.25,0.75,-1.8186612414594217,0.143099491766832,0.26802721088435366,0.23244121173000248,0.30361321003870484,0.3170068027210884,0.2572946758372452,0.3767189296049316
F,F,fnr,0.25,1.0,-23.328468388335505,2.0012662981743104e-05,0.26802721088435366,0.23244121173000248,0.30361321003870484,0.6662131519274377,0.636111984500683,0.6963143193541924
F,F,fnr,0.5,0.75,-0.9292456174331456,0.40536158563370234,0.2879818594104308,0.25945472754901666,0.31650899127184495,0.3170068027210884,0.2572946758372452,0.3767189296049316
F,F,fnr,0.5,1.0,-17.37688561506877,6.43776848878269e-05,0.2879818594104308,0.25945472754901666,0.31650899127184495,0.6662131519274377,0.636111984500683,0.6963143193541924
F,F,fnr,0.75,1.0,-18.30223350884884,5.242525491700359e-05,0.3170068027210884,0.2572946758372452,0.3767189296049316,0.6662131519274377,0.636111984500683,0.6963143193541924
F,All,fomr,0.0,0.05,-1.3186146504635554,0.25772802260443584,0.06802401821958376,0.06431622194685106,0.07173181449231646,0.07349597173178637,0.06918134012029936,0.07781060334327339
F,All,fomr,0.0,0.1,-0.8993612306494002,0.4193077386324228,0.06802401821958376,0.06431622194685106,0.07173181449231646,0.07308463805421975,0.06249574458938477,0.08367353151905473
F,All,fomr,0.0,0.25,-3.363994307662657,0.02820020124738898,0.06802401821958376,0.06431622194685106,0.07173181449231646,0.07994686434861642,0.07333415071680367,0.08655957798042917
F,All,fomr,0.0,0.5,-3.117745177664878,0.03560413444493757,0.06802401821958376,0.06431622194685106,0.07173181449231646,0.07869905312510186,0.07457086939256641,0.08282723685763732
F,All,fomr,0.0,0.75,-1.9044398186868892,0.1295737148824178,0.06802401821958376,0.06431622194685106,0.07173181449231646,0.07609786391451803,0.06535937322589933,0.08683635460313674
F,All,fomr,0.0,1.0,-26.006092056823366,1.2989187233791797e-05,0.06802401821958376,0.06431622194685106,0.07173181449231646,0.11049565912009478,0.10833277352381046,0.1126585447163791
F,All,fomr,0.05,0.1,0.05897405448031757,0.9558014780599184,0.07349597173178637,0.06918134012029936,0.07781060334327339,0.07308463805421975,0.06249574458938477,0.08367353151905473
F,All,fomr,0.05,0.25,-1.242218837225984,0.28200991380335194,0.07349597173178637,0.06918134012029936,0.07781060334327339,0.07994686434861642,0.07333415071680367,0.08655957798042917
F,All,fomr,0.05,0.5,-1.413976144124991,0.23026426718371204,0.07349597173178637,0.06918134012029936,0.07781060334327339,0.07869905312510186,0.07457086939256641,0.08282723685763732
F,All,fomr,0.05,0.75,-0.3245706384706572,0.7617708758527921,0.07349597173178637,0.06918134012029936,0.07781060334327339,0.07609786391451803,0.06535937322589933,0.08683635460313674
F,All,fomr,0.05,1.0,-10.713034475466126,0.00043021548095488005,0.07349597173178637,0.06918134012029936,0.07781060334327339,0.11049565912009478,0.10833277352381046,0.1126585447163791
F,All,fomr,0.1,0.25,-0.8379379240759377,0.44921511779957013,0.07308463805421975,0.06249574458938477,0.08367353151905473,0.07994686434861642,0.07333415071680367,0.08655957798042917
F,All,fomr,0.1,0.5,-0.6817837840273488,0.5328068636841908,0.07308463805421975,0.06249574458938477,0.08367353151905473,0.07869905312510186,0.07457086939256641,0.08282723685763732
F,All,fomr,0.1,0.75,-0.3561434700682989,0.7397233328270727,0.07308463805421975,0.06249574458938477,0.08367353151905473,0.07609786391451803,0.06535937322589933,0.08683635460313674
F,All,fomr,0.1,1.0,-6.444546402306927,0.0029833048139407794,0.07308463805421975,0.06249574458938477,0.08367353151905473,0.11049565912009478,0.10833277352381046,0.1126585447163791
F,All,fomr,0.25,0.5,0.4194317927693924,0.6964470248428911,0.07994686434861642,0.07333415071680367,0.08655957798042917,0.07869905312510186,0.07457086939256641,0.08282723685763732
F,All,fomr,0.25,0.75,0.8317125193052209,0.4523400666772284,0.07994686434861642,0.07333415071680367,0.08655957798042917,0.07609786391451803,0.06535937322589933,0.08683635460313674
F,All,fomr,0.25,1.0,-10.303737638902716,0.0005004739334982783,0.07994686434861642,0.07333415071680367,0.08655957798042917,0.11049565912009478,0.10833277352381046,0.1126585447163791
F,All,fomr,0.5,0.75,0.4264265654812941,0.6917444340326593,0.07869905312510186,0.07457086939256641,0.08282723685763732,0.07609786391451803,0.06535937322589933,0.08683635460313674
F,All,fomr,0.5,1.0,-12.500130155484971,0.00023560643812712374,0.07869905312510186,0.07457086939256641,0.08282723685763732,0.11049565912009478,0.10833277352381046,0.1126585447163791
F,All,fomr,0.75,1.0,-6.467387434136335,0.0029444335230719523,0.07609786391451803,0.06535937322589933,0.08683635460313674,0.11049565912009478,0.10833277352381046,0.1126585447163791
F,M,fomr,0.0,0.05,-0.496805198857051,0.6453910207746778,0.07803852932938012,0.07423307488038927,0.08184398377837096,0.08016015884261042,0.0745496511854578,0.08577066649976305
F,M,fomr,0.0,0.1,-0.11486931513395492,0.9140840237396083,0.07803852932938012,0.07423307488038927,0.08184398377837096,0.07872579419140333,0.06941448850450596,0.08803709987830069
F,M,fomr,0.0,0.25,-2.063202277693329,0.1080594364177331,0.07803852932938012,0.07423307488038927,0.08184398377837096,0.084031818183971,0.07734282383504569,0.09072081253289631
F,M,fomr,0.0,0.5,0.05148188103611378,0.9614098942065807,0.07803852932938012,0.07423307488038927,0.08184398377837096,0.07789843384254982,0.07459194069028396,0.08120492699481568
F,M,fomr,0.0,0.75,2.6282034899427997,0.05829581754275701,0.07803852932938012,0.07423307488038927,0.08184398377837096,0.06887360994881232,0.0596837820863225,0.07806343781130215
F,M,fomr,0.0,1.0,1.9084053369258454,0.1289827418539522,0.07803852932938012,0.07423307488038927,0.08184398377837096,0.06972569898815559,0.0658434040205997,0.07360799395571148
F,M,fomr,0.05,0.1,0.1886849745377659,0.8595261722187348,0.08016015884261042,0.0745496511854578,0.08577066649976305,0.07872579419140333,0.06941448850450596,0.08803709987830069
F,M,fomr,0.05,0.25,-0.7315443299403886,0.5049966063173459,0.08016015884261042,0.0745496511854578,0.08577066649976305,0.084031818183971,0.07734282383504569,0.09072081253289631
F,M,fomr,0.05,0.5,0.6419459834625237,0.5558484522155325,0.08016015884261042,0.0745496511854578,0.08577066649976305,0.07789843384254982,0.07459194069028396,0.08120492699481568
F,M,fomr,0.05,0.75,1.457108075506203,0.21881633714308182,0.08016015884261042,0.0745496511854578,0.08577066649976305,0.06887360994881232,0.0596837820863225,0.07806343781130215
F,M,fomr,0.05,1.0,2.787464503201523,0.04943989489444135,0.08016015884261042,0.0745496511854578,0.08577066649976305,0.06972569898815559,0.0658434040205997,0.07360799395571148
F,M,fomr,0.1,0.25,-0.6919594436345481,0.5270316357575804,0.07872579419140333,0.06941448850450596,0.08803709987830069,0.084031818183971,0.07734282383504569,0.09072081253289631
F,M,fomr,0.1,0.5,0.12444042052386131,0.9069695613513882,0.07872579419140333,0.06941448850450596,0.08803709987830069,0.07789843384254982,0.07459194069028396,0.08120492699481568
F,M,fomr,0.1,0.75,1.436405508761857,0.22423818941910967,0.07872579419140333,0.06941448850450596,0.08803709987830069,0.06887360994881232,0.0596837820863225,0.07806343781130215
F,M,fomr,0.1,1.0,1.6981826736865726,0.16470535652586066,0.07872579419140333,0.06941448850450596,0.08803709987830069,0.06972569898815559,0.0658434040205997,0.07360799395571148
F,M,fomr,0.25,0.5,2.3871109061652502,0.07540407282718072,0.084031818183971,0.07734282383504569,0.09072081253289631,0.07789843384254982,0.07459194069028396,0.08120492699481568
F,M,fomr,0.25,0.75,3.6438599424020643,0.021889844581776393,0.084031818183971,0.07734282383504569,0.09072081253289631,0.06887360994881232,0.0596837820863225,0.07806343781130215
F,M,fomr,0.25,1.0,2.5235973421451052,0.06510682388661068,0.084031818183971,0.07734282383504569,0.09072081253289631,0.06972569898815559,0.0658434040205997,0.07360799395571148
F,M,fomr,0.5,0.75,1.6699165232020954,0.17025786521261058,0.07789843384254982,0.07459194069028396,0.08120492699481568,0.06887360994881232,0.0596837820863225,0.07806343781130215
F,M,fomr,0.5,1.0,2.519894437911462,0.06536412302242302,0.07789843384254982,0.07459194069028396,0.08120492699481568,0.06972569898815559,0.0658434040205997,0.07360799395571148
F,M,fomr,0.75,1.0,-0.1194941636899345,0.9106449817474108,0.06887360994881232,0.0596837820863225,0.07806343781130215,0.06972569898815559,0.0658434040205997,0.07360799395571148
F,F,fomr,0.0,0.05,-2.459813172588752,0.06970543455752738,0.054780796679401736,0.04958960148614014,0.05997199187266333,0.06500840769461548,0.0611510376781029,0.06886577771112806
F,F,fomr,0.0,0.1,-1.9790773992767405,0.11892708682612059,0.054780796679401736,0.04958960148614014,0.05997199187266333,0.06587342431602175,0.053355373689056976,0.07839147494298652
F,F,fomr,0.0,0.25,-4.2189191029327375,0.013489276206953732,0.054780796679401736,0.04958960148614014,0.05997199187266333,0.07479130612654175,0.06756212640032158,0.08202048585276192
F,F,fomr,0.0,0.5,-4.403498335925942,0.011659405553442352,0.054780796679401736,0.04958960148614014,0.05997199187266333,0.0795271218239437,0.07306305392230336,0.08599118972558403
F,F,fomr,0.0,0.75,-4.918567029844542,0.007937540260023444,0.054780796679401736,0.04958960148614014,0.05997199187266333,0.08384857062291443,0.07127171241276713,0.09642542883306172
F,F,fomr,0.0,1.0,-35.66150547776222,3.6904501620337076e-06,0.054780796679401736,0.04958960148614014,0.05997199187266333,0.14769649972718213,0.14274689269449906,0.1526461067598652
F,F,fomr,0.05,0.1,-0.13590633881290512,0.8984605820436219,0.06500840769461548,0.0611510376781029,0.06886577771112806,0.06587342431602175,0.053355373689056976,0.07839147494298652
F,F,fomr,0.05,0.25,-1.6819613619419194,0.16786816183591677,0.06500840769461548,0.0611510376781029,0.06886577771112806,0.07479130612654175,0.06756212640032158,0.08202048585276192
F,F,fomr,0.05,0.5,-2.638481856105842,0.057671879245664866,0.06500840769461548,0.0611510376781029,0.06886577771112806,0.0795271218239437,0.07306305392230336,0.08599118972558403
F,F,fomr,0.05,0.75,-2.1537596347284436,0.09756926225273271,0.06500840769461548,0.0611510376781029,0.06886577771112806,0.08384857062291443,0.07127171241276713,0.09642542883306172
F,F,fomr,0.05,1.0,-19.9737096025494,3.707606676078355e-05,0.06500840769461548,0.0611510376781029,0.06886577771112806,0.14769649972718213,0.14274689269449906,0.1526461067598652
F,F,fomr,0.1,0.25,-0.952658431900028,0.3947098755867027,0.06587342431602175,0.053355373689056976,0.07839147494298652,0.07479130612654175,0.06756212640032158,0.08202048585276192
F,F,fomr,0.1,0.5,-1.2778223143960847,0.27043145895827947,0.06587342431602175,0.053355373689056976,0.07839147494298652,0.0795271218239437,0.07306305392230336,0.08599118972558403
F,F,fomr,0.1,0.75,-1.7208791528696712,0.16038493498491407,0.06587342431602175,0.053355373689056976,0.07839147494298652,0.08384857062291443,0.07127171241276713,0.09642542883306172
F,F,fomr,0.1,1.0,-11.286693792351883,0.0003511490193408963,0.06587342431602175,0.053355373689056976,0.07839147494298652,0.14769649972718213,0.14274689269449906,0.1526461067598652
F,F,fomr,0.25,0.5,-1.103563922098674,0.3317057170328583,0.07479130612654175,0.06756212640032158,0.08202048585276192,0.0795271218239437,0.07306305392230336,0.08599118972558403
F,F,fomr,0.25,0.75,-1.582956135903818,0.1885991981090762,0.07479130612654175,0.06756212640032158,0.08202048585276192,0.08384857062291443,0.07127171241276713,0.09642542883306172
F,F,fomr,0.25,1.0,-21.817029278483133,2.6116223501207032e-05,0.07479130612654175,0.06756212640032158,0.08202048585276192,0.14769649972718213,0.14274689269449906,0.1526461067598652
F,F,fomr,0.5,0.75,-0.5886257370771141,0.587745301894938,0.0795271218239437,0.07306305392230336,0.08599118972558403,0.08384857062291443,0.07127171241276713,0.09642542883306172
F,F,fomr,0.5,1.0,-14.044767662552456,0.0001491268587237143,0.0795271218239437,0.07306305392230336,0.08599118972558403,0.14769649972718213,0.14274689269449906,0.1526461067598652
F,F,fomr,0.75,1.0,-13.593492797395276,0.00016955813711715332,0.08384857062291443,0.07127171241276713,0.09642542883306172,0.14769649972718213,0.14274689269449906,0.1526461067598652
M,All,auroc,0.0,0.05,-1.2799868597337856,0.26974244472414477,0.8499662291294052,0.8463932682785268,0.8535391899802837,0.8527321787188591,0.850563988691177,0.8549003687465412
M,All,auroc,0.0,0.1,0.3702288925525831,0.7299823643862255,0.8499662291294052,0.8463932682785268,0.8535391899802837,0.8471943370664687,0.8358330363924587,0.8585556377404788
M,All,auroc,0.0,0.25,3.352598115517367,0.028499977372146136,0.8499662291294052,0.8463932682785268,0.8535391899802837,0.8418441051131703,0.8375173568809212,0.8461708533454194
M,All,auroc,0.0,0.5,3.4549445891280643,0.025937106263895927,0.8499662291294052,0.8463932682785268,0.8535391899802837,0.8121889129191435,0.7937948773654854,0.8305829484728017
M,All,auroc,0.0,0.75,5.296480644469116,0.006101674053262039,0.8499662291294052,0.8463932682785268,0.8535391899802837,0.7918909981649567,0.7710379089915056,0.8127440873384078
M,All,auroc,0.0,1.0,4.503661966111233,0.010792252826381495,0.8499662291294052,0.8463932682785268,0.8535391899802837,0.7126661291571305,0.6617804610643158,0.7635517972499452
M,All,auroc,0.05,0.1,0.805306510408662,0.46578726058363756,0.8527321787188591,0.850563988691177,0.8549003687465412,0.8471943370664687,0.8358330363924587,0.8585556377404788
M,All,auroc,0.05,0.25,4.539155439481684,0.010503856289702644,0.8527321787188591,0.850563988691177,0.8549003687465412,0.8418441051131703,0.8375173568809212,0.8461708533454194
M,All,auroc,0.05,0.5,3.500869190501494,0.024876575484207505,0.8527321787188591,0.850563988691177,0.8549003687465412,0.8121889129191435,0.7937948773654854,0.8305829484728017
M,All,auroc,0.05,0.75,4.818717971729046,0.008530976441554487,0.8527321787188591,0.850563988691177,0.8549003687465412,0.7918909981649567,0.7710379089915056,0.8127440873384078
M,All,auroc,0.05,1.0,4.7594412477842996,0.008908853134101056,0.8527321787188591,0.850563988691177,0.8549003687465412,0.7126661291571305,0.6617804610643158,0.7635517972499452
M,All,auroc,0.1,0.25,0.9231739075804059,0.4081632036146238,0.8471943370664687,0.8358330363924587,0.8585556377404788,0.8418441051131703,0.8375173568809212,0.8461708533454194
M,All,auroc,0.1,0.5,4.294668394855035,0.012699100379354266,0.8471943370664687,0.8358330363924587,0.8585556377404788,0.8121889129191435,0.7937948773654854,0.8305829484728017
M,All,auroc,0.1,0.75,3.3931837985283666,0.0274492539810614,0.8471943370664687,0.8358330363924587,0.8585556377404788,0.7918909981649567,0.7710379089915056,0.8127440873384078
M,All,auroc,0.1,1.0,4.224214618733661,0.013432141204524455,0.8471943370664687,0.8358330363924587,0.8585556377404788,0.7126661291571305,0.6617804610643158,0.7635517972499452
M,All,auroc,0.25,0.5,2.783854577924377,0.04962257902828977,0.8418441051131703,0.8375173568809212,0.8461708533454194,0.8121889129191435,0.7937948773654854,0.8305829484728017
M,All,auroc,0.25,0.75,3.847474954223117,0.018342075631876217,0.8418441051131703,0.8375173568809212,0.8461708533454194,0.7918909981649567,0.7710379089915056,0.8127440873384078
M,All,auroc,0.25,1.0,4.145984485307653,0.014306822663053312,0.8418441051131703,0.8375173568809212,0.8461708533454194,0.7126661291571305,0.6617804610643158,0.7635517972499452
M,All,auroc,0.5,0.75,1.5219304032479284,0.20268077743358498,0.8121889129191435,0.7937948773654854,0.8305829484728017,0.7918909981649567,0.7710379089915056,0.8127440873384078
M,All,auroc,0.5,1.0,3.123249149091828,0.035415283684477494,0.8121889129191435,0.7937948773654854,0.8305829484728017,0.7126661291571305,0.6617804610643158,0.7635517972499452
M,All,auroc,0.75,1.0,2.611074285550215,0.05935295517607783,0.7918909981649567,0.7710379089915056,0.8127440873384078,0.7126661291571305,0.6617804610643158,0.7635517972499452
M,M,auroc,0.0,0.05,-2.030990629212498,0.11208627268876108,0.8426053374489436,0.8397113113021245,0.8454993635957627,0.8468817052741734,0.8431776065036448,0.850585804044702
M,M,auroc,0.0,0.1,-0.031151643067330252,0.9766409899854828,0.8426053374489436,0.8397113113021245,0.8454993635957627,0.8428493637975022,0.8311872515539984,0.854511476041006
M,M,auroc,0.0,0.25,2.5195980988640745,0.06538476453108102,0.8426053374489436,0.8397113113021245,0.8454993635957627,0.8352556471337425,0.8320204211696768,0.8384908730978081
M,M,auroc,0.0,0.5,2.7184964237178426,0.05306920522216256,0.8426053374489436,0.8397113113021245,0.8454993635957627,0.8092058217497293,0.7892931732309494,0.8291184702685093
M,M,auroc,0.0,0.75,3.1650182338372272,0.03401987415846532,0.8426053374489436,0.8397113113021245,0.8454993635957627,0.7914317496886928,0.7627246080040361,0.8201388913733495
M,M,auroc,0.0,1.0,3.5582666503446827,0.02362271550882854,0.8426053374489436,0.8397113113021245,0.8454993635957627,0.7507531201706815,0.7071531798664764,0.7943530604748866
M,M,auroc,0.05,0.1,0.4783378296175732,0.6573799300706007,0.8468817052741734,0.8431776065036448,0.850585804044702,0.8428493637975022,0.8311872515539984,0.854511476041006
M,M,auroc,0.05,0.25,2.939943024325814,0.04239153820990436,0.8468817052741734,0.8431776065036448,0.850585804044702,0.8352556471337425,0.8320204211696768,0.8384908730978081
M,M,auroc,0.05,0.5,2.8434846372497278,0.04670258695249966,0.8468817052741734,0.8431776065036448,0.850585804044702,0.8092058217497293,0.7892931732309494,0.8291184702685093
M,M,auroc,0.05,0.75,3.4405084871163463,0.026281514789438888,0.8468817052741734,0.8431776065036448,0.850585804044702,0.7914317496886928,0.7627246080040361,0.8201388913733495
M,M,auroc,0.05,1.0,3.887826185935467,0.01772323246560113,0.8468817052741734,0.8431776065036448,0.850585804044702,0.7507531201706815,0.7071531798664764,0.7943530604748866
M,M,auroc,0.1,0.25,1.4527632359253098,0.21994319199914195,0.8428493637975022,0.8311872515539984,0.854511476041006,0.8352556471337425,0.8320204211696768,0.8384908730978081
M,M,auroc,0.1,0.5,4.342672855951852,0.012227230486308924,0.8428493637975022,0.8311872515539984,0.854511476041006,0.8092058217497293,0.7892931732309494,0.8291184702685093
M,M,auroc,0.1,0.75,2.4560455231753138,0.06998843991964691,0.8428493637975022,0.8311872515539984,0.854511476041006,0.7914317496886928,0.7627246080040361,0.8201388913733495
M,M,auroc,0.1,1.0,3.431932538492549,0.026488686076387977,0.8428493637975022,0.8311872515539984,0.854511476041006,0.7507531201706815,0.7071531798664764,0.7943530604748866
M,M,auroc,0.25,0.5,2.6698954416703433,0.05581206212116165,0.8352556471337425,0.8320204211696768,0.8384908730978081,0.8092058217497293,0.7892931732309494,0.8291184702685093
M,M,auroc,0.25,0.75,2.594636763410462,0.060388160588301036,0.8352556471337425,0.8320204211696768,0.8384908730978081,0.7914317496886928,0.7627246080040361,0.8201388913733495
M,M,auroc,0.25,1.0,3.3441136778335534,0.028725612594460766,0.8352556471337425,0.8320204211696768,0.8384908730978081,0.7507531201706815,0.7071531798664764,0.7943530604748866
M,M,auroc,0.5,0.75,0.9290594912016874,0.4054472274189913,0.8092058217497293,0.7892931732309494,0.8291184702685093,0.7914317496886928,0.7627246080040361,0.8201388913733495
M,M,auroc,0.5,1.0,2.0518606805589616,0.10945881871452103,0.8092058217497293,0.7892931732309494,0.8291184702685093,0.7507531201706815,0.7071531798664764,0.7943530604748866
M,M,auroc,0.75,1.0,1.6150436229405165,0.18160333058367373,0.7914317496886928,0.7627246080040361,0.8201388913733495,0.7507531201706815,0.7071531798664764,0.7943530604748866
M,F,auroc,0.0,0.05,-0.0053933834702688775,0.9959549869105322,0.8596723789698029,0.8542562463940342,0.8650885115455715,0.8596954264401571,0.8551714674587089,0.8642193854216053
M,F,auroc,0.0,0.1,0.8928597960347433,0.42239402295944845,0.8596723789698029,0.8542562463940342,0.8650885115455715,0.8528596210797617,0.8414057357291942,0.8643135064303291
M,F,auroc,0.0,0.25,1.4119366431362745,0.2308201720417382,0.8596723789698029,0.8542562463940342,0.8650885115455715,0.8525333630720047,0.8435266441359426,0.8615400820080668
M,F,auroc,0.0,0.5,2.611955015080619,0.05929806624285503,0.8596723789698029,0.8542562463940342,0.8650885115455715,0.8275816264575047,0.8058782502617342,0.8492850026532751
M,F,auroc,0.0,0.75,3.238096230874408,0.03173111593650426,0.8596723789698029,0.8542562463940342,0.8650885115455715,0.8273759339801494,0.8077981005823649,0.8469537673779339
M,F,auroc,0.0,1.0,3.6948473798304318,0.020929638127572463,0.8596723789698029,0.8542562463940342,0.8650885115455715,0.8234613335315911,0.8080535597898869,0.8388691072732953
M,F,auroc,0.05,0.1,1.437358997116436,0.2239855414742699,0.8596954264401571,0.8551714674587089,0.8642193854216053,0.8528596210797617,0.8414057357291942,0.8643135064303291
M,F,auroc,0.05,0.25,2.1247253376125914,0.10080437616418153,0.8596954264401571,0.8551714674587089,0.8642193854216053,0.8525333630720047,0.8435266441359426,0.8615400820080668
M,F,auroc,0.05,0.5,2.5328769384849545,0.06446709386505657,0.8596954264401571,0.8551714674587089,0.8642193854216053,0.8275816264575047,0.8058782502617342,0.8492850026532751
M,F,auroc,0.05,0.75,2.4360071796236573,0.07151574967452701,0.8596954264401571,0.8551714674587089,0.8642193854216053,0.8273759339801494,0.8077981005823649,0.8469537673779339
M,F,auroc,0.05,1.0,3.302458553941549,0.029864544888163393,0.8596954264401571,0.8551714674587089,0.8642193854216053,0.8234613335315911,0.8080535597898869,0.8388691072732953
M,F,auroc,0.1,0.25,0.05100540908256714,0.9617666623533063,0.8528596210797617,0.8414057357291942,0.8643135064303291,0.8525333630720047,0.8435266441359426,0.8615400820080668
M,F,auroc,0.1,0.5,2.2728302680585313,0.08546010813179931,0.8528596210797617,0.8414057357291942,0.8643135064303291,0.8275816264575047,0.8058782502617342,0.8492850026532751
M,F,auroc,0.1,0.75,1.577113928370855,0.1899026308617311,0.8528596210797617,0.8414057357291942,0.8643135064303291,0.8273759339801494,0.8077981005823649,0.8469537673779339
M,F,auroc,0.1,1.0,1.963125984958298,0.12111979097167082,0.8528596210797617,0.8414057357291942,0.8643135064303291,0.8234613335315911,0.8080535597898869,0.8388691072732953
M,F,auroc,0.25,0.5,1.690732607284937,0.16615010891115983,0.8525333630720047,0.8435266441359426,0.8615400820080668,0.8275816264575047,0.8058782502617342,0.8492850026532751
M,F,auroc,0.25,0.75,1.7309949570924517,0.15849801589395227,0.8525333630720047,0.8435266441359426,0.8615400820080668,0.8273759339801494,0.8077981005823649,0.8469537673779339
M,F,auroc,0.25,1.0,2.326579461090773,0.08055344112965104,0.8525333630720047,0.8435266441359426,0.8615400820080668,0.8234613335315911,0.8080535597898869,0.8388691072732953
M,F,auroc,0.5,0.75,0.015454750063311451,0.9884095141907666,0.8275816264575047,0.8058782502617342,0.8492850026532751,0.8273759339801494,0.8077981005823649,0.8469537673779339
M,F,auroc,0.5,1.0,0.22075714122990753,0.836091903810207,0.8275816264575047,0.8058782502617342,0.8492850026532751,0.8234613335315911,0.8080535597898869,0.8388691072732953
M,F,auroc,0.75,1.0,0.35215939288463727,0.7424894300144961,0.8273759339801494,0.8077981005823649,0.8469537673779339,0.8234613335315911,0.8080535597898869,0.8388691072732953
M,All,fnr,0.0,0.05,-1.7417723200696558,0.1565135062355958,0.18126501200960765,0.1696180098680379,0.1929120141511774,0.20864691753402717,0.1864964632285768,0.23079737183947754
M,All,fnr,0.0,0.1,-1.9116541245236487,0.12850075761694507,0.18126501200960765,0.1696180098680379,0.1929120141511774,0.20272217774219375,0.18866975600824298,0.21677459947614452
M,All,fnr,0.0,0.25,0.754323551038697,0.49262988300840893,0.18126501200960765,0.1696180098680379,0.1929120141511774,0.16669335468374696,0.14013899931292295,0.19324771005457098
M,All,fnr,0.0,0.5,-2.116359193049152,0.10175851807986307,0.18126501200960765,0.1696180098680379,0.1929120141511774,0.2092874299439551,0.18650995629347888,0.23206490359443133
M,All,fnr,0.0,0.75,-2.3938984917138066,0.07485024427312333,0.18126501200960765,0.1696180098680379,0.1929120141511774,0.22145716573258606,0.184043434331084,0.2588708971340881
M,All,fnr,0.0,1.0,-3.08454709702565,0.036768638332172664,0.18126501200960765,0.1696180098680379,0.1929120141511774,0.4270616493194555,0.29093047116307386,0.5631928274758371
M,All,fnr,0.05,0.1,0.4126037691270291,0.7010534727013931,0.20864691753402717,0.1864964632285768,0.23079737183947754,0.20272217774219375,0.18866975600824298,0.21677459947614452
M,All,fnr,0.05,0.25,2.744396009685322,0.05167127429666823,0.20864691753402717,0.1864964632285768,0.23079737183947754,0.16669335468374696,0.14013899931292295,0.19324771005457098
M,All,fnr,0.05,0.5,-0.05360322004214467,0.9598216322079092,0.20864691753402717,0.1864964632285768,0.23079737183947754,0.2092874299439551,0.18650995629347888,0.23206490359443133
M,All,fnr,0.05,0.75,-0.44672525666489243,0.6781930680471933,0.20864691753402717,0.1864964632285768,0.23079737183947754,0.22145716573258606,0.184043434331084,0.2588708971340881
M,All,fnr,0.05,1.0,-2.480836654596196,0.0681499848834817,0.20864691753402717,0.1864964632285768,0.23079737183947754,0.4270616493194555,0.29093047116307386,0.5631928274758371
M,All,fnr,0.1,0.25,2.864441361100477,0.0457241258771702,0.20272217774219375,0.18866975600824298,0.21677459947614452,0.16669335468374696,0.14013899931292295,0.19324771005457098
M,All,fnr,0.1,0.5,-0.4576508560086856,0.6709591159281587,0.20272217774219375,0.18866975600824298,0.21677459947614452,0.2092874299439551,0.18650995629347888,0.23206490359443133
M,All,fnr,0.1,0.75,-0.6870298890475848,0.5298237838540506,0.20272217774219375,0.18866975600824298,0.21677459947614452,0.22145716573258606,0.184043434331084,0.2588708971340881
M,All,fnr,0.1,1.0,-2.830383891318261,0.04732661906952222,0.20272217774219375,0.18866975600824298,0.21677459947614452,0.4270616493194555,0.29093047116307386,0.5631928274758371
M,All,fnr,0.25,0.5,-1.8457763251365138,0.13866660792959193,0.16669335468374696,0.14013899931292295,0.19324771005457098,0.2092874299439551,0.18650995629347888,0.23206490359443133
M,All,fnr,0.25,0.75,-1.7392366351462345,0.15697804063088022,0.16669335468374696,0.14013899931292295,0.19324771005457098,0.22145716573258606,0.184043434331084,0.2588708971340881
M,All,fnr,0.25,1.0,-3.0608716187399536,0.0376264698201349,0.16669335468374696,0.14013899931292295,0.19324771005457098,0.4270616493194555,0.29093047116307386,0.5631928274758371
M,All,fnr,0.5,0.75,-0.44006424675576145,0.6826241218247472,0.2092874299439551,0.18650995629347888,0.23206490359443133,0.22145716573258606,0.184043434331084,0.2588708971340881
M,All,fnr,0.5,1.0,-2.5926994575343794,0.06051152851828168,0.2092874299439551,0.18650995629347888,0.23206490359443133,0.4270616493194555,0.29093047116307386,0.5631928274758371
M,All,fnr,0.75,1.0,-2.520587521236594,0.06531587533851303,0.22145716573258606,0.184043434331084,0.2588708971340881,0.4270616493194555,0.29093047116307386,0.5631928274758371
M,M,fnr,0.0,0.05,-1.4096090365536849,0.23145623941441343,0.1829207920792079,0.17044977875979056,0.19539180539862522,0.2032178217821782,0.18201106076745902,0.2244245827968974
M,M,fnr,0.0,0.1,-1.369458985539209,0.24270603731406953,0.1829207920792079,0.17044977875979056,0.19539180539862522,0.20099009900990095,0.18396729773020806,0.21801290028959383
M,M,fnr,0.0,0.25,0.6626901839950579,0.5437649014191015,0.1829207920792079,0.17044977875979056,0.19539180539862522,0.16806930693069305,0.1389496131989101,0.197189000662476
M,M,fnr,0.0,0.5,-3.111440337470312,0.035821920675802775,0.1829207920792079,0.17044977875979056,0.19539180539862522,0.22574257425742572,0.20460028176752182,0.24688486674732962
M,M,fnr,0.0,0.75,-4.375610717658565,0.011915694997036807,0.1829207920792079,0.17044977875979056,0.19539180539862522,0.2688118811881188,0.22398225199604746,0.3136415103801901
M,M,fnr,0.0,1.0,-3.9634615895336456,0.016629386860128086,0.1829207920792079,0.17044977875979056,0.19539180539862522,0.5893564356435643,0.4134233840290068,0.7652894872581218
M,M,fnr,0.05,0.1,0.11953867397325789,0.9106118952101802,0.2032178217821782,0.18201106076745902,0.2244245827968974,0.20099009900990095,0.18396729773020806,0.21801290028959383
M,M,fnr,0.05,0.25,2.1458574673965116,0.0984381825062284,0.2032178217821782,0.18201106076745902,0.2244245827968974,0.16806930693069305,0.1389496131989101,0.197189000662476
M,M,fnr,0.05,0.5,-2.091263403966353,0.10468114736383177,0.2032178217821782,0.18201106076745902,0.2244245827968974,0.22574257425742572,0.20460028176752182,0.24688486674732962
M,M,fnr,0.05,0.75,-2.314653253381028,0.08161416402693215,0.2032178217821782,0.18201106076745902,0.2244245827968974,0.2688118811881188,0.22398225199604746,0.3136415103801901
M,M,fnr,0.05,1.0,-3.4827415742240717,0.025288921008263174,0.2032178217821782,0.18201106076745902,0.2244245827968974,0.5893564356435643,0.4134233840290068,0.7652894872581218
M,M,fnr,0.1,0.25,1.9670811601190896,0.12057202428255348,0.20099009900990095,0.18396729773020806,0.21801290028959383,0.16806930693069305,0.1389496131989101,0.197189000662476
M,M,fnr,0.1,0.5,-1.4159846508095764,0.22971811464005906,0.20099009900990095,0.18396729773020806,0.21801290028959383,0.22574257425742572,0.20460028176752182,0.24688486674732962
M,M,fnr,0.1,0.75,-2.221082235075943,0.09050328179892338,0.20099009900990095,0.18396729773020806,0.21801290028959383,0.2688118811881188,0.22398225199604746,0.3136415103801901
M,M,fnr,0.1,1.0,-3.9324543349630305,0.01706772559989148,0.20099009900990095,0.18396729773020806,0.21801290028959383,0.5893564356435643,0.4134233840290068,0.7652894872581218
M,M,fnr,0.25,0.5,-2.578721392015511,0.06141027313692627,0.16806930693069305,0.1389496131989101,0.197189000662476,0.22574257425742572,0.20460028176752182,0.24688486674732962
M,M,fnr,0.25,0.75,-2.745772528345385,0.05159817663204626,0.16806930693069305,0.1389496131989101,0.197189000662476,0.2688118811881188,0.22398225199604746,0.3136415103801901
M,M,fnr,0.25,1.0,-3.9443880137169764,0.016897399658331803,0.16806930693069305,0.1389496131989101,0.197189000662476,0.5893564356435643,0.4134233840290068,0.7652894872581218
M,M,fnr,0.5,0.75,-1.3783502448907399,0.2401689948960866,0.22574257425742572,0.20460028176752182,0.24688486674732962,0.2688118811881188,0.22398225199604746,0.3136415103801901
M,M,fnr,0.5,1.0,-3.466141300494583,0.025673668350398245,0.22574257425742572,0.20460028176752182,0.24688486674732962,0.5893564356435643,0.4134233840290068,0.7652894872581218
M,M,fnr,0.75,1.0,-2.8658790069632367,0.045657881308467575,0.2688118811881188,0.22398225199604746,0.3136415103801901,0.5893564356435643,0.4134233840290068,0.7652894872581218
M,F,fnr,0.0,0.05,-1.868618373666786,0.13504677078374872,0.17823129251700676,0.16096793203616125,0.19549465299785226,0.21859410430838996,0.19170368942012908,0.24548451919665085
M,F,fnr,0.0,0.1,-1.5718726196917234,0.1910799028261341,0.17823129251700676,0.16096793203616125,0.19549465299785226,0.20589569160997728,0.184808606951863,0.22698277626809157
M,F,fnr,0.0,0.25,0.7741537319057735,0.482051697518666,0.17823129251700676,0.16096793203616125,0.19549465299785226,0.164172335600907,0.14066842064576368,0.1876762505560503
M,F,fnr,0.0,0.5,-0.04623119080165171,0.965342037458392,0.17823129251700676,0.16096793203616125,0.19549465299785226,0.1791383219954648,0.1417633713742332,0.21651327261669642
M,F,fnr,0.0,0.75,2.3899386250584627,0.07517278477307984,0.17823129251700676,0.16096793203616125,0.19549465299785226,0.13469387755102033,0.09910343819462375,0.1702843169074169
M,F,fnr,0.0,1.0,1.0461327494102797,0.35454893039590296,0.17823129251700676,0.16096793203616125,0.19549465299785226,0.12970521541950109,0.05481381226663842,0.20459661857236375
M,F,fnr,0.05,0.1,1.166160630352828,0.3083389112391834,0.21859410430838996,0.19170368942012908,0.24548451919665085,0.20589569160997728,0.184808606951863,0.22698277626809157
M,F,fnr,0.05,0.25,3.5697847038523753,0.023380247691002273,0.21859410430838996,0.19170368942012908,0.24548451919665085,0.164172335600907,0.14066842064576368,0.1876762505560503
M,F,fnr,0.05,0.5,1.8510638297872346,0.13781949305374105,0.21859410430838996,0.19170368942012908,0.24548451919665085,0.1791383219954648,0.1417633713742332,0.21651327261669642
M,F,fnr,0.05,0.75,2.377467860333741,0.07619888913628776,0.21859410430838996,0.19170368942012908,0.24548451919665085,0.13469387755102033,0.09910343819462375,0.1702843169074169
M,F,fnr,0.05,1.0,1.621913145912746,0.18014088220993194,0.21859410430838996,0.19170368942012908,0.24548451919665085,0.12970521541950109,0.05481381226663842,0.20459661857236375
M,F,fnr,0.1,0.25,6.046615175087119,0.003773885857686948,0.20589569160997728,0.184808606951863,0.22698277626809157,0.164172335600907,0.14066842064576368,0.1876762505560503
M,F,fnr,0.1,0.5,1.0304203276080912,0.36103857453048477,0.20589569160997728,0.184808606951863,0.22698277626809157,0.1791383219954648,0.1417633713742332,0.21651327261669642
M,F,fnr,0.1,0.75,2.3106982341860176,0.08196939354817404,0.20589569160997728,0.184808606951863,0.22698277626809157,0.13469387755102033,0.09910343819462375,0.1702843169074169
M,F,fnr,0.1,1.0,1.4822343415297776,0.21241290768064924,0.20589569160997728,0.184808606951863,0.22698277626809157,0.12970521541950109,0.05481381226663842,0.20459661857236375
M,F,fnr,0.25,0.5,-0.4986851860851043,0.6441777194999084,0.164172335600907,0.14066842064576368,0.1876762505560503,0.1791383219954648,0.1417633713742332,0.21651327261669642
M,F,fnr,0.25,0.75,1.0145110364693668,0.3677161275681884,0.164172335600907,0.14066842064576368,0.1876762505560503,0.13469387755102033,0.09910343819462375,0.1702843169074169
M,F,fnr,0.25,1.0,0.6781795773369561,0.5348632546030401,0.164172335600907,0.14066842064576368,0.1876762505560503,0.12970521541950109,0.05481381226663842,0.20459661857236375
M,F,fnr,0.5,0.75,1.320951471742121,0.2570180991625147,0.1791383219954648,0.1417633713742332,0.21651327261669642,0.13469387755102033,0.09910343819462375,0.1702843169074169
M,F,fnr,0.5,1.0,0.8690571408311555,0.4338533037775034,0.1791383219954648,0.1417633713742332,0.21651327261669642,0.12970521541950109,0.05481381226663842,0.20459661857236375
M,F,fnr,0.75,1.0,0.15401571040373185,0.8850555260909307,0.13469387755102033,0.09910343819462375,0.1702843169074169,0.12970521541950109,0.05481381226663842,0.20459661857236375
M,All,fomr,0.0,0.05,-1.4733302627157545,0.21466018278633026,0.06802401821958376,0.06431622194685106,0.07173181449231646,0.0739745586587767,0.06865359487747266,0.07929552244008073
M,All,fomr,0.0,0.1,-1.7312781237150605,0.15844553521778168,0.06802401821958376,0.06431622194685106,0.07173181449231646,0.07361154095550801,0.06952693015803169,0.07769615175298433
M,All,fomr,0.0,0.25,0.720430347113337,0.5111136340837601,0.06802401821958376,0.06431622194685106,0.07173181449231646,0.06425288248197494,0.05699565979307482,0.07151010517087507
M,All,fomr,0.0,0.5,-2.6942759514114663,0.05441618253392785,0.06802401821958376,0.06431622194685106,0.07173181449231646,0.08078648653113879,0.0719611335165144,0.08961183954576318
M,All,fomr,0.0,0.75,-3.2407384830566164,0.03165182415691708,0.06802401821958376,0.06431622194685106,0.07173181449231646,0.0868989059435846,0.0740097134844451,0.0997880984027241
M,All,fomr,0.0,1.0,-4.128585833693259,0.014510595240997027,0.06802401821958376,0.06431622194685106,0.07173181449231646,0.13812098659583638,0.10998486292517708,0.1662571102664957
M,All,fomr,0.05,0.1,0.10225711409987408,0.9234737779506998,0.0739745586587767,0.06865359487747266,0.07929552244008073,0.07361154095550801,0.06952693015803169,0.07769615175298433
M,All,fomr,0.05,0.25,2.532452320346686,0.06449620942741086,0.0739745586587767,0.06865359487747266,0.07929552244008073,0.06425288248197494,0.05699565979307482,0.07151010517087507
M,All,fomr,0.05,0.5,-1.2952175076260182,0.2649418877178242,0.0739745586587767,0.06865359487747266,0.07929552244008073,0.08078648653113879,0.0719611335165144,0.08961183954576318
M,All,fomr,0.05,0.75,-1.4167924663405966,0.22949881807253916,0.0739745586587767,0.06865359487747266,0.07929552244008073,0.0868989059435846,0.0740097134844451,0.0997880984027241
M,All,fomr,0.05,1.0,-3.4547735830488873,0.025941154548099588,0.0739745586587767,0.06865359487747266,0.07929552244008073,0.13812098659583638,0.10998486292517708,0.1662571102664957
M,All,fomr,0.1,0.25,2.271535567654697,0.08558237484947707,0.07361154095550801,0.06952693015803169,0.07769615175298433,0.06425288248197494,0.05699565979307482,0.07151010517087507
M,All,fomr,0.1,0.5,-1.6310769756361934,0.17820903223420628,0.07361154095550801,0.06952693015803169,0.07769615175298433,0.08078648653113879,0.0719611335165144,0.08961183954576318
M,All,fomr,0.1,0.75,-1.4811335711218148,0.21268943424176082,0.07361154095550801,0.06952693015803169,0.07769615175298433,0.0868989059435846,0.0740097134844451,0.0997880984027241
M,All,fomr,0.1,1.0,-3.9283820095185784,0.017126320020818566,0.07361154095550801,0.06952693015803169,0.07769615175298433,0.13812098659583638,0.10998486292517708,0.1662571102664957
M,All,fomr,0.25,0.5,-2.070245970994059,0.10720027990695977,0.06425288248197494,0.05699565979307482,0.07151010517087507,0.08078648653113879,0.0719611335165144,0.08961183954576318
M,All,fomr,0.25,0.75,-2.240748862786739,0.08854837427316967,0.06425288248197494,0.05699565979307482,0.07151010517087507,0.0868989059435846,0.0740097134844451,0.0997880984027241
M,All,fomr,0.25,1.0,-4.074555934154458,0.015166064407219291,0.06425288248197494,0.05699565979307482,0.07151010517087507,0.13812098659583638,0.10998486292517708,0.1662571102664957
M,All,fomr,0.5,0.75,-0.668781808853705,0.5402516969330985,0.08078648653113879,0.0719611335165144,0.08961183954576318,0.0868989059435846,0.0740097134844451,0.0997880984027241
M,All,fomr,0.5,1.0,-3.1967787844284983,0.03300202500943429,0.08078648653113879,0.0719611335165144,0.08961183954576318,0.13812098659583638,0.10998486292517708,0.1662571102664957
M,All,fomr,0.75,1.0,-2.8496734082402084,0.04641112421609346,0.0868989059435846,0.0740097134844451,0.0997880984027241,0.13812098659583638,0.10998486292517708,0.1662571102664957
M,M,fomr,0.0,0.05,-1.1531217825176143,0.3130772985707702,0.07803852932938012,0.07423307488038927,0.08184398377837096,0.08238131874120459,0.07667374109016553,0.08808889639224365
M,M,fomr,0.0,0.1,-1.1646178594615635,0.30889607026342053,0.07803852932938012,0.07423307488038927,0.08184398377837096,0.08288066833148759,0.07723303035227455,0.08852830631070063
M,M,fomr,0.0,0.25,0.7203392539984512,0.5111639959633717,0.07803852932938012,0.07423307488038927,0.08184398377837096,0.0733773583514015,0.064902485846031,0.08185223085677198
M,M,fomr,0.0,0.5,-3.786407217009127,0.019328652910759508,0.07803852932938012,0.07423307488038927,0.08184398377837096,0.0952002611474089,0.08717716661768651,0.10322335567713128
M,M,fomr,0.0,0.75,-4.741470419062611,0.009027412377544047,0.07803852932938012,0.07423307488038927,0.08184398377837096,0.109313132498988,0.0945448586828325,0.1240814063151435
M,M,fomr,0.0,1.0,-4.6500786977761654,0.00966088697917706,0.07803852932938012,0.07423307488038927,0.08184398377837096,0.17561205163035515,0.1405670245976214,0.2106570786630889
M,M,fomr,0.05,0.1,-0.0864954933063969,0.935229293325554,0.08238131874120459,0.07667374109016553,0.08808889639224365,0.08288066833148759,0.07723303035227455,0.08852830631070063
M,M,fomr,0.05,0.25,1.916621660245736,0.12776755337484544,0.08238131874120459,0.07667374109016553,0.08808889639224365,0.0733773583514015,0.064902485846031,0.08185223085677198
M,M,fomr,0.05,0.5,-2.43897559815349,0.07128712575699186,0.08238131874120459,0.07667374109016553,0.08808889639224365,0.0952002611474089,0.08717716661768651,0.10322335567713128
M,M,fomr,0.05,0.75,-2.8043364686834473,0.048596344030217606,0.08238131874120459,0.07667374109016553,0.08808889639224365,0.109313132498988,0.0945448586828325,0.1240814063151435
M,M,fomr,0.05,1.0,-4.0889743544485135,0.014987717753434167,0.08238131874120459,0.07667374109016553,0.08808889639224365,0.17561205163035515,0.1405670245976214,0.2106570786630889
M,M,fomr,0.1,0.25,1.6813426374936031,0.16799005578563572,0.08288066833148759,0.07723303035227455,0.08852830631070063,0.0733773583514015,0.064902485846031,0.08185223085677198
M,M,fomr,0.1,0.5,-2.6074078366058497,0.05958208412996481,0.08288066833148759,0.07723303035227455,0.08852830631070063,0.0952002611474089,0.08717716661768651,0.10322335567713128
M,M,fomr,0.1,0.75,-2.7490595728395792,0.05142410722175058,0.08288066833148759,0.07723303035227455,0.08852830631070063,0.109313132498988,0.0945448586828325,0.1240814063151435
M,M,fomr,0.1,1.0,-4.768861528087386,0.008847460711393647,0.08288066833148759,0.07723303035227455,0.08852830631070063,0.17561205163035515,0.1405670245976214,0.2106570786630889
M,M,fomr,0.25,0.5,-2.7255991708485383,0.052681529794353046,0.0733773583514015,0.064902485846031,0.08185223085677198,0.0952002611474089,0.08717716661768651,0.10322335567713128
M,M,fomr,0.25,0.75,-3.0001633864759443,0.03993553337577313,0.0733773583514015,0.064902485846031,0.08185223085677198,0.109313132498988,0.0945448586828325,0.1240814063151435
M,M,fomr,0.25,1.0,-4.675885194820808,0.0094766880891419,0.0733773583514015,0.064902485846031,0.08185223085677198,0.17561205163035515,0.1405670245976214,0.2106570786630889
M,M,fomr,0.5,0.75,-1.375237368403985,0.24105423369300202,0.0952002611474089,0.08717716661768651,0.10322335567713128,0.109313132498988,0.0945448586828325,0.1240814063151435
M,M,fomr,0.5,1.0,-3.749919418312558,0.01994847400715793,0.0952002611474089,0.08717716661768651,0.10322335567713128,0.17561205163035515,0.1405670245976214,0.2106570786630889
M,M,fomr,0.75,1.0,-2.943986253647514,0.0422212159910403,0.109313132498988,0.0945448586828325,0.1240814063151435,0.17561205163035515,0.1405670245976214,0.2106570786630889
M,F,fomr,0.0,0.05,-1.5747473280458797,0.1904332744266908,0.054780796679401736,0.04958960148614014,0.05997199187266333,0.06300454904643286,0.05717214443249945,0.06883695366036628
M,F,fomr,0.0,0.1,-1.319020339753198,0.25760463789780397,0.054780796679401736,0.04958960148614014,0.05997199187266333,0.06125381054202774,0.055887194876506875,0.06662042620754861
M,F,fomr,0.0,0.25,0.5383620645753884,0.6188877336582406,0.054780796679401736,0.04958960148614014,0.05997199187266333,0.0521352660292306,0.046083401141859014,0.05818713091660218
M,F,fomr,0.0,0.5,-0.7892304461091305,0.47412632283694184,0.054780796679401736,0.04958960148614014,0.05997199187266333,0.059654637383875095,0.04751705679951773,0.07179221796823246
M,F,fomr,0.0,0.75,0.978442740901484,0.3832560748141184,0.054780796679401736,0.04958960148614014,0.05997199187266333,0.049293673173254345,0.037678881489650345,0.060908464856858344
M,F,fomr,0.0,1.0,0.6148099330926627,0.5719322988085648,0.054780796679401736,0.04958960148614014,0.05997199187266333,0.047533235213064344,0.02879849593979391,0.06626797448633479
M,F,fomr,0.05,0.1,0.9364767079946773,0.4020461422317714,0.06300454904643286,0.05717214443249945,0.06883695366036628,0.06125381054202774,0.055887194876506875,0.06662042620754861
M,F,fomr,0.05,0.25,3.045642593609388,0.038190672347882544,0.06300454904643286,0.05717214443249945,0.06883695366036628,0.0521352660292306,0.046083401141859014,0.05818713091660218
M,F,fomr,0.05,0.5,0.49779208138155295,0.64475394245463,0.06300454904643286,0.05717214443249945,0.06883695366036628,0.059654637383875095,0.04751705679951773,0.07179221796823246
M,F,fomr,0.05,0.75,1.400371992721216,0.23399769894088224,0.06300454904643286,0.05717214443249945,0.06883695366036628,0.049293673173254345,0.037678881489650345,0.060908464856858344
M,F,fomr,0.05,1.0,1.153058396968046,0.3131004971586732,0.06300454904643286,0.05717214443249945,0.06883695366036628,0.047533235213064344,0.02879849593979391,0.06626797448633479
M,F,fomr,0.1,0.25,3.691124774777964,0.020998017667531354,0.06125381054202774,0.055887194876506875,0.06662042620754861,0.0521352660292306,0.046083401141859014,0.05818713091660218
M,F,fomr,0.1,0.5,0.20567021779979044,0.8470917709490706,0.06125381054202774,0.055887194876506875,0.06662042620754861,0.059654637383875095,0.04751705679951773,0.07179221796823246
M,F,fomr,0.1,0.75,1.2553842812016378,0.27767421513635593,0.06125381054202774,0.055887194876506875,0.06662042620754861,0.049293673173254345,0.037678881489650345,0.060908464856858344
M,F,fomr,0.1,1.0,1.0431660553562867,0.3557662762667776,0.06125381054202774,0.055887194876506875,0.06662042620754861,0.047533235213064344,0.02879849593979391,0.06626797448633479
M,F,fomr,0.25,0.5,-0.8166845317729797,0.4599548783980431,0.0521352660292306,0.046083401141859014,0.05818713091660218,0.059654637383875095,0.04751705679951773,0.07179221796823246
M,F,fomr,0.25,0.75,0.3219334487385384,0.7636252782875238,0.0521352660292306,0.046083401141859014,0.05818713091660218,0.049293673173254345,0.037678881489650345,0.060908464856858344
M,F,fomr,0.25,1.0,0.35583378706706675,0.7399381722716238,0.0521352660292306,0.046083401141859014,0.05818713091660218,0.047533235213064344,0.02879849593979391,0.06626797448633479
M,F,fomr,0.5,0.75,1.0443104249298356,0.3552962595235218,0.059654637383875095,0.04751705679951773,0.07179221796823246,0.049293673173254345,0.037678881489650345,0.060908464856858344
M,F,fomr,0.5,1.0,0.8129931619407202,0.46184074604703856,0.059654637383875095,0.04751705679951773,0.07179221796823246,0.047533235213064344,0.02879849593979391,0.06626797448633479
M,F,fomr,0.75,1.0,0.2132225216001703,0.841579924054503,0.049293673173254345,0.037678881489650345,0.060908464856858344,0.047533235213064344,0.02879849593979391,0.06626797448633479
